date,city,emd,readPop,workPop,visitPop
20170100,제주시,한림읍,20434,1522,11107
20170200,제주시,한림읍,20396,1633,10262
20170300,제주시,한림읍,20180,1714,12530
20170400,제주시,한림읍,20588,2302,13461
20170500,제주시,한림읍,20740,2168,14487
20170600,제주시,한림읍,20749,2481,13217
20170700,제주시,한림읍,20555,2272,14875
20170800,제주시,한림읍,21024,2020,15536
20170900,제주시,한림읍,20578,2004,13571
20171000,제주시,한림읍,20349,1969,14850
20171100,제주시,한림읍,21479,2166,11185
20171200,제주시,한림읍,21581,2231,9712
20180100,제주시,한림읍,22634,1785,11135
20180200,제주시,한림읍,22722,1557,9482
20180300,제주시,한림읍,21958,1599,12048
20180400,제주시,한림읍,22207,2405,13333
20180500,제주시,한림읍,22078,2450,13530
20180600,제주시,한림읍,22543,2430,13379
20180700,제주시,한림읍,22687,2375,14133
20180800,제주시,한림읍,23107,2145,15438
20180900,제주시,한림읍,22864,2006,12605
20181000,제주시,한림읍,22765,2290,12257
20181100,제주시,한림읍,22820,2415,10407
20181200,제주시,한림읍,23021,2248,9547
20190100,제주시,한림읍,23176,1836,11011
20190200,제주시,한림읍,23457,1846,11293
20190300,제주시,한림읍,23160,1750,12025
20190400,제주시,한림읍,23128,2588,12486
20190500,제주시,한림읍,22994,2676,13253
20190600,제주시,한림읍,23098,2760,12490
20190700,제주시,한림읍,23778,2467,13549
20190800,제주시,한림읍,24112,2224,15237
20190900,제주시,한림읍,23660,2292,11296
20191000,제주시,한림읍,23438,2465,12503
20191100,제주시,한림읍,23542,2678,10880
20191200,제주시,한림읍,23808,2207,10185
20170100,제주시,애월읍,35750,3458,24806
20170200,제주시,애월읍,35905,3251,24220
20170300,제주시,애월읍,34860,3619,25495
20170400,제주시,애월읍,35681,4510,29429
20170500,제주시,애월읍,36276,4394,29863
20170600,제주시,애월읍,36479,4481,26719
20170700,제주시,애월읍,36365,4160,30294
20170800,제주시,애월읍,37038,4161,33286
20170900,제주시,애월읍,36782,4205,30709
20171000,제주시,애월읍,36828,3867,31351
20171100,제주시,애월읍,38011,4261,27344
20171200,제주시,애월읍,39055,4353,25815
20180100,제주시,애월읍,39817,3814,26684
20180200,제주시,애월읍,40099,3249,24940
20180300,제주시,애월읍,39114,3475,28515
20180400,제주시,애월읍,39620,4536,28641
20180500,제주시,애월읍,38993,4469,28165
20180600,제주시,애월읍,39087,4209,28968
20180700,제주시,애월읍,38614,4127,30295
20180800,제주시,애월읍,39436,4237,32304
20180900,제주시,애월읍,38535,3845,27555
20181000,제주시,애월읍,38681,4215,27504
20181100,제주시,애월읍,39008,4501,25961
20181200,제주시,애월읍,40018,4158,24373
20190100,제주시,애월읍,40517,3744,26892
20190200,제주시,애월읍,39882,3453,26326
20190300,제주시,애월읍,39284,3653,28213
20190400,제주시,애월읍,40154,4656,27793
20190500,제주시,애월읍,39937,4517,28539
20190600,제주시,애월읍,40264,4377,27316
20190700,제주시,애월읍,40297,4148,29527
20190800,제주시,애월읍,40536,4086,32354
20190900,제주시,애월읍,39561,3791,25945
20191000,제주시,애월읍,39768,4178,28188
20191100,제주시,애월읍,40613,4318,27136
20191200,제주시,애월읍,41094,4147,26259
20170100,제주시,구좌읍,13655,1212,9815
20170200,제주시,구좌읍,13806,1162,9284
20170300,제주시,구좌읍,13509,1265,10430
20170400,제주시,구좌읍,13770,1885,11496
20170500,제주시,구좌읍,13809,1755,12351
20170600,제주시,구좌읍,13689,1822,11305
20170700,제주시,구좌읍,13751,1786,12710
20170800,제주시,구좌읍,14016,1637,13690
20170900,제주시,구좌읍,13735,1810,11652
20171000,제주시,구좌읍,13713,1680,12130
20171100,제주시,구좌읍,13747,1774,8933
20171200,제주시,구좌읍,14011,1670,8218
20180100,제주시,구좌읍,14335,1351,9139
20180200,제주시,구좌읍,14306,1142,8836
20180300,제주시,구좌읍,13941,1273,9818
20180400,제주시,구좌읍,14285,2043,10989
20180500,제주시,구좌읍,14600,1901,11228
20180600,제주시,구좌읍,14620,2006,10956
20180700,제주시,구좌읍,14605,1806,12175
20180800,제주시,구좌읍,15035,1718,13163
20180900,제주시,구좌읍,14662,1670,10828
20181000,제주시,구좌읍,14545,1901,9968
20181100,제주시,구좌읍,14516,1915,8335
20181200,제주시,구좌읍,14825,1701,8020
20190100,제주시,구좌읍,15059,1388,9087
20190200,제주시,구좌읍,14850,1311,9994
20190300,제주시,구좌읍,14717,1263,9922
20190400,제주시,구좌읍,15040,2192,10278
20190500,제주시,구좌읍,15204,2109,10693
20190600,제주시,구좌읍,15299,2009,10827
20190700,제주시,구좌읍,15433,1754,11929
20190800,제주시,구좌읍,15470,1646,13464
20190900,제주시,구좌읍,14921,1745,9805
20191000,제주시,구좌읍,14899,1800,10186
20191100,제주시,구좌읍,15067,1802,8978
20191200,제주시,구좌읍,15156,1722,8897
20170100,제주시,조천읍,20311,2196,15505
20170200,제주시,조천읍,20745,2168,15194
20170300,제주시,조천읍,20524,2249,14891
20170400,제주시,조천읍,20557,2717,17389
20170500,제주시,조천읍,20785,2645,18403
20170600,제주시,조천읍,20652,2708,16470
20170700,제주시,조천읍,21066,2648,18517
20170800,제주시,조천읍,21519,2440,19086
20170900,제주시,조천읍,20517,2495,16467
20171000,제주시,조천읍,20979,2295,18427
20171100,제주시,조천읍,21328,2437,15144
20171200,제주시,조천읍,21618,2471,13536
20180100,제주시,조천읍,22135,2286,14336
20180200,제주시,조천읍,22170,1944,12668
20180300,제주시,조천읍,21238,2075,14205
20180400,제주시,조천읍,21498,2573,16595
20180500,제주시,조천읍,21872,2691,16910
20180600,제주시,조천읍,22587,2619,16326
20180700,제주시,조천읍,22614,2544,17053
20180800,제주시,조천읍,22908,2566,18470
20180900,제주시,조천읍,22659,2217,15741
20181000,제주시,조천읍,22851,2455,16185
20181100,제주시,조천읍,22696,2475,14696
20181200,제주시,조천읍,22864,2351,12571
20190100,제주시,조천읍,22615,2155,14705
20190200,제주시,조천읍,22432,2077,14840
20190300,제주시,조천읍,22177,2103,15004
20190400,제주시,조천읍,22613,2670,16459
20190500,제주시,조천읍,23029,2633,17505
20190600,제주시,조천읍,23276,2594,16746
20190700,제주시,조천읍,23436,2640,18249
20190800,제주시,조천읍,23538,2530,19458
20190900,제주시,조천읍,23002,2305,14682
20191000,제주시,조천읍,22871,2532,17298
20191100,제주시,조천읍,23552,2744,16627
20191200,제주시,조천읍,23728,2755,15832
20170100,제주시,한경면,6166,493,3588
20170200,제주시,한경면,6214,497,3087
20170300,제주시,한경면,5991,495,3581
20170400,제주시,한경면,5957,554,3849
20170500,제주시,한경면,5986,541,4124
20170600,제주시,한경면,5921,585,3727
20170700,제주시,한경면,5827,540,3915
20170800,제주시,한경면,6044,602,4420
20170900,제주시,한경면,6030,575,4088
20171000,제주시,한경면,5993,581,4934
20171100,제주시,한경면,6354,515,3709
20171200,제주시,한경면,6586,539,3452
20180100,제주시,한경면,6986,487,3685
20180200,제주시,한경면,7073,478,3631
20180300,제주시,한경면,6962,539,3925
20180400,제주시,한경면,7108,699,4353
20180500,제주시,한경면,7068,663,4033
20180600,제주시,한경면,6960,675,4233
20180700,제주시,한경면,6942,627,4324
20180800,제주시,한경면,6997,610,4738
20180900,제주시,한경면,7009,556,4680
20181000,제주시,한경면,7058,694,3970
20181100,제주시,한경면,7167,695,3641
20181200,제주시,한경면,7252,644,3406
20190100,제주시,한경면,7302,587,3948
20190200,제주시,한경면,7275,559,4086
20190300,제주시,한경면,7233,602,3930
20190400,제주시,한경면,7311,717,4331
20190500,제주시,한경면,7331,759,4417
20190600,제주시,한경면,7435,763,4339
20190700,제주시,한경면,7347,756,4537
20190800,제주시,한경면,7405,692,5056
20190900,제주시,한경면,7494,617,4309
20191000,제주시,한경면,7522,656,4518
20191100,제주시,한경면,7399,709,3947
20191200,제주시,한경면,7396,663,3882
20170100,제주시,추자면,1526,77,1154
20170200,제주시,추자면,1467,61,1092
20170300,제주시,추자면,1539,53,1137
20170400,제주시,추자면,1595,56,1397
20170500,제주시,추자면,1485,30,1601
20170600,제주시,추자면,1477,60,1328
20170700,제주시,추자면,1510,52,1410
20170800,제주시,추자면,1495,50,1748
20170900,제주시,추자면,1595,82,1620
20171000,제주시,추자면,1474,71,1650
20171100,제주시,추자면,1508,85,1451
20171200,제주시,추자면,1580,81,1438
20180100,제주시,추자면,1542,49,1299
20180200,제주시,추자면,1446,54,1159
20180300,제주시,추자면,1425,81,1440
20180400,제주시,추자면,1503,72,1691
20180500,제주시,추자면,1428,61,1673
20180600,제주시,추자면,1379,48,1572
20180700,제주시,추자면,1387,75,1693
20180800,제주시,추자면,1442,59,1859
20180900,제주시,추자면,1421,90,1726
20181000,제주시,추자면,1499,56,1598
20181100,제주시,추자면,1558,49,1709
20181200,제주시,추자면,1629,93,1624
20190100,제주시,추자면,1561,67,1836
20190200,제주시,추자면,1502,63,1623
20190300,제주시,추자면,1557,71,1896
20190400,제주시,추자면,1714,49,1706
20190500,제주시,추자면,1607,113,1754
20190600,제주시,추자면,1606,87,1682
20190700,제주시,추자면,1637,149,1604
20190800,제주시,추자면,1641,105,1889
20190900,제주시,추자면,1585,103,1433
20191000,제주시,추자면,1635,129,1545
20191100,제주시,추자면,1681,110,1654
20191200,제주시,추자면,1777,139,1812
20170100,제주시,우도면,1401,98,1313
20170200,제주시,우도면,1408,114,1271
20170300,제주시,우도면,1421,109,1421
20170400,제주시,우도면,1556,124,1768
20170500,제주시,우도면,1654,137,2091
20170600,제주시,우도면,1667,152,1813
20170700,제주시,우도면,1636,126,2117
20170800,제주시,우도면,1676,122,2160
20170900,제주시,우도면,1588,117,1546
20171000,제주시,우도면,1569,74,1525
20171100,제주시,우도면,1561,97,1260
20171200,제주시,우도면,1489,92,986
20180100,제주시,우도면,1420,90,1141
20180200,제주시,우도면,1409,104,1123
20180300,제주시,우도면,1397,127,1294
20180400,제주시,우도면,1646,98,1394
20180500,제주시,우도면,1597,111,1312
20180600,제주시,우도면,1640,117,1537
20180700,제주시,우도면,1630,102,1837
20180800,제주시,우도면,1579,110,2002
20180900,제주시,우도면,1525,105,1608
20181000,제주시,우도면,1553,92,1668
20181100,제주시,우도면,1525,117,1390
20181200,제주시,우도면,1543,87,1067
20190100,제주시,우도면,1468,80,1502
20190200,제주시,우도면,1438,99,1492
20190300,제주시,우도면,1445,99,1489
20190400,제주시,우도면,1464,108,1474
20190500,제주시,우도면,1533,108,1560
20190600,제주시,우도면,1565,79,1466
20190700,제주시,우도면,1484,134,1727
20190800,제주시,우도면,1546,107,2274
20190900,제주시,우도면,1474,145,1363
20191000,제주시,우도면,1529,132,1540
20191100,제주시,우도면,1473,114,1275
20191200,제주시,우도면,1450,118,1190
20170100,제주시,일도일동,1348,348,3967
20170200,제주시,일도일동,1295,367,3763
20170300,제주시,일도일동,1172,350,3608
20170400,제주시,일도일동,1182,328,3724
20170500,제주시,일도일동,1186,343,3899
20170600,제주시,일도일동,1260,379,3909
20170700,제주시,일도일동,1221,354,3993
20170800,제주시,일도일동,1296,374,4179
20170900,제주시,일도일동,1380,296,2915
20171000,제주시,일도일동,1368,249,3654
20171100,제주시,일도일동,1613,387,3831
20171200,제주시,일도일동,1735,408,3885
20180100,제주시,일도일동,1798,403,3816
20180200,제주시,일도일동,1714,418,3819
20180300,제주시,일도일동,1555,423,3736
20180400,제주시,일도일동,1544,425,3879
20180500,제주시,일도일동,1622,418,3972
20180600,제주시,일도일동,1781,439,3846
20180700,제주시,일도일동,1776,455,3658
20180800,제주시,일도일동,1715,445,3575
20180900,제주시,일도일동,1726,369,3609
20181000,제주시,일도일동,1672,405,3485
20181100,제주시,일도일동,1620,372,3457
20181200,제주시,일도일동,1638,358,3587
20190100,제주시,일도일동,1617,401,3578
20190200,제주시,일도일동,1628,374,3799
20190300,제주시,일도일동,1570,363,3371
20190400,제주시,일도일동,1566,341,3377
20190500,제주시,일도일동,1510,337,3456
20190600,제주시,일도일동,1533,354,3371
20190700,제주시,일도일동,1594,336,3564
20190800,제주시,일도일동,1590,351,3621
20190900,제주시,일도일동,1566,355,3424
20191000,제주시,일도일동,1549,339,3643
20191100,제주시,일도일동,1606,359,4103
20191200,제주시,일도일동,1754,358,4095
20170100,제주시,일도이동,38841,2070,16176
20170200,제주시,일도이동,38471,2223,15015
20170300,제주시,일도이동,35993,2275,13953
20170400,제주시,일도이동,35583,2391,13601
20170500,제주시,일도이동,35564,2264,13747
20170600,제주시,일도이동,35604,2196,13911
20170700,제주시,일도이동,35419,2264,15074
20170800,제주시,일도이동,35543,2377,14788
20170900,제주시,일도이동,34969,2360,13838
20171000,제주시,일도이동,35645,2106,14336
20171100,제주시,일도이동,35162,2214,13359
20171200,제주시,일도이동,36278,2312,13999
20180100,제주시,일도이동,37995,2153,14587
20180200,제주시,일도이동,38460,2124,14875
20180300,제주시,일도이동,35347,2107,13511
20180400,제주시,일도이동,34841,2191,13114
20180500,제주시,일도이동,34749,2181,13339
20180600,제주시,일도이동,35118,2274,13053
20180700,제주시,일도이동,35416,2239,14309
20180800,제주시,일도이동,35991,2175,13428
20180900,제주시,일도이동,34937,1981,13855
20181000,제주시,일도이동,34777,2194,12735
20181100,제주시,일도이동,34639,2141,12821
20181200,제주시,일도이동,36109,2119,13413
20190100,제주시,일도이동,36703,2103,13957
20190200,제주시,일도이동,36760,1985,14320
20190300,제주시,일도이동,34405,1890,12695
20190400,제주시,일도이동,33755,2068,12368
20190500,제주시,일도이동,33346,2062,12577
20190600,제주시,일도이동,33608,2056,12261
20190700,제주시,일도이동,33913,2057,13476
20190800,제주시,일도이동,34557,1985,12875
20190900,제주시,일도이동,34111,2006,12804
20191000,제주시,일도이동,33630,1944,12232
20191100,제주시,일도이동,33631,2211,13192
20191200,제주시,일도이동,33053,2487,14334
20170100,제주시,이도일동,8254,1741,10289
20170200,제주시,이도일동,8043,1864,10869
20170300,제주시,이도일동,8018,1852,9826
20170400,제주시,이도일동,8031,1713,10080
20170500,제주시,이도일동,7986,1705,9987
20170600,제주시,이도일동,8031,1726,10054
20170700,제주시,이도일동,8132,1798,10220
20170800,제주시,이도일동,8142,1707,9987
20170900,제주시,이도일동,7676,1788,11499
20171000,제주시,이도일동,8045,1692,10271
20171100,제주시,이도일동,8148,1740,9646
20171200,제주시,이도일동,8453,1644,10031
20180100,제주시,이도일동,8719,1743,10223
20180200,제주시,이도일동,8775,1744,10032
20180300,제주시,이도일동,8164,1718,9704
20180400,제주시,이도일동,7999,1808,9795
20180500,제주시,이도일동,8102,1757,9545
20180600,제주시,이도일동,8216,1677,9531
20180700,제주시,이도일동,8141,1758,9876
20180800,제주시,이도일동,8171,1869,10016
20180900,제주시,이도일동,8242,1630,10006
20181000,제주시,이도일동,8352,1758,9826
20181100,제주시,이도일동,8318,1913,9827
20181200,제주시,이도일동,8566,1792,9859
20190100,제주시,이도일동,8431,1702,10205
20190200,제주시,이도일동,8306,1709,10501
20190300,제주시,이도일동,8162,1647,11611
20190400,제주시,이도일동,8269,1969,13454
20190500,제주시,이도일동,9852,1904,11768
20190600,제주시,이도일동,10000,1776,11385
20190700,제주시,이도일동,10188,1768,11974
20190800,제주시,이도일동,10343,1776,11619
20190900,제주시,이도일동,10176,1709,11213
20191000,제주시,이도일동,10015,1749,11172
20191100,제주시,이도일동,8718,1568,10460
20191200,제주시,이도일동,8053,1599,11450
20170100,제주시,이도이동,68857,8454,34714
20170200,제주시,이도이동,68979,8557,34386
20170300,제주시,이도이동,65162,8655,34334
20170400,제주시,이도이동,65109,10033,31781
20170500,제주시,이도이동,64782,9464,31502
20170600,제주시,이도이동,64860,9763,32548
20170700,제주시,이도이동,64458,9182,34155
20170800,제주시,이도이동,65600,8952,34580
20170900,제주시,이도이동,64072,9748,33978
20171000,제주시,이도이동,64347,8794,32808
20171100,제주시,이도이동,64314,8842,32529
20171200,제주시,이도이동,65316,9040,32963
20180100,제주시,이도이동,66844,8365,33924
20180200,제주시,이도이동,66966,8003,33140
20180300,제주시,이도이동,62492,7986,33698
20180400,제주시,이도이동,62656,9951,31117
20180500,제주시,이도이동,62589,9615,31416
20180600,제주시,이도이동,63550,9426,31209
20180700,제주시,이도이동,64000,8930,32862
20180800,제주시,이도이동,64969,8844,32003
20180900,제주시,이도이동,63722,8189,32372
20181000,제주시,이도이동,64617,9054,30421
20181100,제주시,이도이동,64225,9307,31074
20181200,제주시,이도이동,65372,8967,31534
20190100,제주시,이도이동,65855,8165,34064
20190200,제주시,이도이동,65580,7911,33712
20190300,제주시,이도이동,61355,7633,32826
20190400,제주시,이도이동,59818,9237,29693
20190500,제주시,이도이동,58323,9443,30191
20190600,제주시,이도이동,58472,8856,30289
20190700,제주시,이도이동,58936,8569,32319
20190800,제주시,이도이동,59858,8313,30859
20190900,제주시,이도이동,58536,8082,30185
20191000,제주시,이도이동,58340,8644,29861
20191100,제주시,이도이동,59019,9121,30552
20191200,제주시,이도이동,58951,8415,29957
20170100,제주시,삼도일동,11512,920,8760
20170200,제주시,삼도일동,11388,977,8447
20170300,제주시,삼도일동,10704,953,8039
20170400,제주시,삼도일동,10657,952,8148
20170500,제주시,삼도일동,10850,903,7941
20170600,제주시,삼도일동,10899,930,7860
20170700,제주시,삼도일동,10969,971,8450
20170800,제주시,삼도일동,11255,931,8398
20170900,제주시,삼도일동,10833,919,8356
20171000,제주시,삼도일동,10994,861,8265
20171100,제주시,삼도일동,10807,924,8117
20171200,제주시,삼도일동,11216,950,8105
20180100,제주시,삼도일동,11638,922,8530
20180200,제주시,삼도일동,11786,912,8057
20180300,제주시,삼도일동,10595,887,7804
20180400,제주시,삼도일동,10591,849,7858
20180500,제주시,삼도일동,10718,854,7859
20180600,제주시,삼도일동,11030,910,8064
20180700,제주시,삼도일동,11202,880,7875
20180800,제주시,삼도일동,11172,869,7989
20180900,제주시,삼도일동,11130,889,8329
20181000,제주시,삼도일동,11518,896,7812
20181100,제주시,삼도일동,11420,1016,7671
20181200,제주시,삼도일동,11514,960,7688
20190100,제주시,삼도일동,11621,873,7971
20190200,제주시,삼도일동,11638,907,8320
20190300,제주시,삼도일동,10990,927,7922
20190400,제주시,삼도일동,10964,963,7397
20190500,제주시,삼도일동,10679,975,7404
20190600,제주시,삼도일동,10850,1008,7642
20190700,제주시,삼도일동,11125,986,7840
20190800,제주시,삼도일동,11213,958,7586
20190900,제주시,삼도일동,11169,876,7531
20191000,제주시,삼도일동,10912,1010,7384
20191100,제주시,삼도일동,11082,985,8187
20191200,제주시,삼도일동,11410,1012,8323
20170100,제주시,삼도이동,5121,759,6938
20170200,제주시,삼도이동,5061,747,7023
20170300,제주시,삼도이동,4869,790,6621
20170400,제주시,삼도이동,4796,831,6716
20170500,제주시,삼도이동,4864,834,6877
20170600,제주시,삼도이동,4926,837,6981
20170700,제주시,삼도이동,4957,764,7143
20170800,제주시,삼도이동,5138,807,7501
20170900,제주시,삼도이동,4948,828,7307
20171000,제주시,삼도이동,5033,646,7435
20171100,제주시,삼도이동,5255,685,7171
20171200,제주시,삼도이동,5352,696,7163
20180100,제주시,삼도이동,5460,666,7126
20180200,제주시,삼도이동,5440,619,6879
20180300,제주시,삼도이동,5107,587,6816
20180400,제주시,삼도이동,5036,687,6899
20180500,제주시,삼도이동,5102,722,6824
20180600,제주시,삼도이동,5169,720,6770
20180700,제주시,삼도이동,5241,701,6948
20180800,제주시,삼도이동,5279,613,7263
20180900,제주시,삼도이동,5341,606,7835
20181000,제주시,삼도이동,5682,969,7186
20181100,제주시,삼도이동,5662,1015,7331
20181200,제주시,삼도이동,5722,997,7383
20190100,제주시,삼도이동,5706,940,7474
20190200,제주시,삼도이동,5620,889,7693
20190300,제주시,삼도이동,5490,925,7386
20190400,제주시,삼도이동,5382,1022,7208
20190500,제주시,삼도이동,5406,986,7280
20190600,제주시,삼도이동,5301,982,7110
20190700,제주시,삼도이동,5284,900,7318
20190800,제주시,삼도이동,5425,875,7452
20190900,제주시,삼도이동,5431,825,7131
20191000,제주시,삼도이동,5494,908,7317
20191100,제주시,삼도이동,5635,997,7883
20191200,제주시,삼도이동,5653,987,7647
20170100,제주시,용담일동,8350,657,6177
20170200,제주시,용담일동,8397,600,5981
20170300,제주시,용담일동,8069,569,5738
20170400,제주시,용담일동,8091,732,5579
20170500,제주시,용담일동,7983,694,5430
20170600,제주시,용담일동,7854,761,5534
20170700,제주시,용담일동,7682,687,5956
20170800,제주시,용담일동,7883,668,7138
20170900,제주시,용담일동,8648,729,6538
20171000,제주시,용담일동,8447,689,5971
20171100,제주시,용담일동,7859,735,5452
20171200,제주시,용담일동,8038,729,5545
20180100,제주시,용담일동,8405,610,5695
20180200,제주시,용담일동,8533,505,5781
20180300,제주시,용담일동,7922,493,5643
20180400,제주시,용담일동,7648,723,5365
20180500,제주시,용담일동,7711,670,5305
20180600,제주시,용담일동,7764,697,5196
20180700,제주시,용담일동,7738,673,5480
20180800,제주시,용담일동,7940,565,5445
20180900,제주시,용담일동,7745,631,5295
20181000,제주시,용담일동,7646,689,5063
20181100,제주시,용담일동,7611,703,5124
20181200,제주시,용담일동,7988,720,5252
20190100,제주시,용담일동,8232,574,5306
20190200,제주시,용담일동,8291,509,5485
20190300,제주시,용담일동,7843,462,5572
20190400,제주시,용담일동,7697,674,5124
20190500,제주시,용담일동,7605,659,5134
20190600,제주시,용담일동,7527,680,5069
20190700,제주시,용담일동,7584,586,5409
20190800,제주시,용담일동,7639,553,5284
20190900,제주시,용담일동,7634,548,5597
20191000,제주시,용담일동,7705,682,5533
20191100,제주시,용담일동,7789,723,5412
20191200,제주시,용담일동,7806,739,5467
20170100,제주시,용담이동,13256,2675,14187
20170200,제주시,용담이동,12947,2725,14303
20170300,제주시,용담이동,12366,2700,13804
20170400,제주시,용담이동,12425,3692,15975
20170500,제주시,용담이동,12497,3512,16790
20170600,제주시,용담이동,12540,3586,15878
20170700,제주시,용담이동,12587,3381,15072
20170800,제주시,용담이동,11944,3239,15723
20170900,제주시,용담이동,10661,3422,14969
20171000,제주시,용담이동,11201,3409,16197
20171100,제주시,용담이동,12499,3391,14362
20171200,제주시,용담이동,12933,3257,13018
20180100,제주시,용담이동,13343,2860,15009
20180200,제주시,용담이동,13378,2679,14463
20180300,제주시,용담이동,12358,2660,13773
20180400,제주시,용담이동,12303,3835,15070
20180500,제주시,용담이동,12276,3622,15276
20180600,제주시,용담이동,12518,3603,14850
20180700,제주시,용담이동,12651,3527,15980
20180800,제주시,용담이동,12866,3479,17294
20180900,제주시,용담이동,12625,3327,15408
20181000,제주시,용담이동,12468,3737,15124
20181100,제주시,용담이동,12477,3710,14582
20181200,제주시,용담이동,12700,3360,13764
20190100,제주시,용담이동,12573,3044,15914
20190200,제주시,용담이동,12771,2737,17460
20190300,제주시,용담이동,12373,2547,15910
20190400,제주시,용담이동,12354,3686,16592
20190500,제주시,용담이동,12130,3735,18670
20190600,제주시,용담이동,12254,3581,18369
20190700,제주시,용담이동,12422,3312,18368
20190800,제주시,용담이동,12431,3273,18874
20190900,제주시,용담이동,12398,3139,16176
20191000,제주시,용담이동,11825,3216,18606
20191100,제주시,용담이동,12035,3270,17736
20191200,제주시,용담이동,12203,3097,17572
20170100,제주시,건입동,8959,1223,8904
20170200,제주시,건입동,8853,1319,8895
20170300,제주시,건입동,8373,1311,8871
20170400,제주시,건입동,8343,1240,9562
20170500,제주시,건입동,8280,1302,9907
20170600,제주시,건입동,8180,1335,9964
20170700,제주시,건입동,8287,1349,10735
20170800,제주시,건입동,8188,1315,10220
20170900,제주시,건입동,7770,1383,9507
20171000,제주시,건입동,8043,1245,9696
20171100,제주시,건입동,8276,1237,9305
20171200,제주시,건입동,8566,1237,8961
20180100,제주시,건입동,8846,1262,8851
20180200,제주시,건입동,9046,1158,8816
20180300,제주시,건입동,8341,1267,8597
20180400,제주시,건입동,8197,1374,8967
20180500,제주시,건입동,8148,1360,9025
20180600,제주시,건입동,8106,1330,9012
20180700,제주시,건입동,8080,1198,8427
20180800,제주시,건입동,8191,948,8435
20180900,제주시,건입동,8093,929,8965
20181000,제주시,건입동,8160,1125,8249
20181100,제주시,건입동,8061,1055,8177
20181200,제주시,건입동,8274,1057,7859
20190100,제주시,건입동,8390,965,8262
20190200,제주시,건입동,8514,896,8270
20190300,제주시,건입동,7939,910,8283
20190400,제주시,건입동,7886,1122,7978
20190500,제주시,건입동,7785,1159,8281
20190600,제주시,건입동,7788,1169,8289
20190700,제주시,건입동,7979,1156,8704
20190800,제주시,건입동,8239,1177,9098
20190900,제주시,건입동,8180,1075,7920
20191000,제주시,건입동,7950,1141,8200
20191100,제주시,건입동,7738,1170,8618
20191200,제주시,건입동,7718,1043,8761
20170100,제주시,화북동,30987,2106,11322
20170200,제주시,화북동,31189,2128,11052
20170300,제주시,화북동,29819,2238,12266
20170400,제주시,화북동,29978,3447,10585
20170500,제주시,화북동,30238,3203,10699
20170600,제주시,화북동,30219,3381,10817
20170700,제주시,화북동,30089,3068,11882
20170800,제주시,화북동,30708,2620,11497
20170900,제주시,화북동,30045,2902,12028
20171000,제주시,화북동,30674,3039,11522
20171100,제주시,화북동,30798,3097,11274
20171200,제주시,화북동,31471,2955,10884
20180100,제주시,화북동,32050,2433,11784
20180200,제주시,화북동,32221,1988,11250
20180300,제주시,화북동,30348,2029,12601
20180400,제주시,화북동,30243,3672,10685
20180500,제주시,화북동,30035,3418,10713
20180600,제주시,화북동,30205,3267,10619
20180700,제주시,화북동,30354,3023,11635
20180800,제주시,화북동,30898,2689,11558
20180900,제주시,화북동,30390,2734,11961
20181000,제주시,화북동,30637,3320,11317
20181100,제주시,화북동,30651,3524,10987
20181200,제주시,화북동,31449,3191,10910
20190100,제주시,화북동,31477,2524,11205
20190200,제주시,화북동,31433,2273,11378
20190300,제주시,화북동,29859,2264,12568
20190400,제주시,화북동,30115,3778,11102
20190500,제주시,화북동,30011,3661,10736
20190600,제주시,화북동,30244,3432,10927
20190700,제주시,화북동,30417,3080,11636
20190800,제주시,화북동,30801,2627,11460
20190900,제주시,화북동,30518,2796,11793
20191000,제주시,화북동,30111,3241,10966
20191100,제주시,화북동,28948,3159,12044
20191200,제주시,화북동,26992,4098,13733
20170100,제주시,삼양동,23445,931,6408
20170200,제주시,삼양동,23855,1093,6028
20170300,제주시,삼양동,22619,1072,5653
20170400,제주시,삼양동,22582,937,5461
20170500,제주시,삼양동,22788,897,5662
20170600,제주시,삼양동,22867,946,5531
20170700,제주시,삼양동,23103,993,6662
20170800,제주시,삼양동,23595,990,6386
20170900,제주시,삼양동,22520,1069,5508
20171000,제주시,삼양동,22819,928,5919
20171100,제주시,삼양동,23071,1061,5337
20171200,제주시,삼양동,23798,1077,5467
20180100,제주시,삼양동,24638,1082,6440
20180200,제주시,삼양동,25498,1064,6586
20180300,제주시,삼양동,24075,1084,6019
20180400,제주시,삼양동,24059,1180,6145
20180500,제주시,삼양동,24560,1117,6250
20180600,제주시,삼양동,25479,1119,6214
20180700,제주시,삼양동,25608,1149,6960
20180800,제주시,삼양동,26072,1070,6730
20180900,제주시,삼양동,25537,1016,6069
20181000,제주시,삼양동,25746,1069,5599
20181100,제주시,삼양동,25690,989,5881
20181200,제주시,삼양동,26598,1053,5990
20190100,제주시,삼양동,26726,1013,6548
20190200,제주시,삼양동,26740,972,6388
20190300,제주시,삼양동,25296,970,5917
20190400,제주시,삼양동,25110,1168,5693
20190500,제주시,삼양동,25182,1192,5855
20190600,제주시,삼양동,25438,1116,5641
20190700,제주시,삼양동,25668,1038,6577
20190800,제주시,삼양동,25830,977,6469
20190900,제주시,삼양동,25510,906,5765
20191000,제주시,삼양동,25463,1049,5489
20191100,제주시,삼양동,23749,998,5089
20191200,제주시,삼양동,21353,1625,7421
20170100,제주시,봉개동,3852,832,4938
20170200,제주시,봉개동,3778,612,4752
20170300,제주시,봉개동,3561,623,5934
20170400,제주시,봉개동,3659,1737,6280
20170500,제주시,봉개동,3772,1596,6172
20170600,제주시,봉개동,3786,1636,5762
20170700,제주시,봉개동,3836,1380,5951
20170800,제주시,봉개동,3908,1267,6372
20170900,제주시,봉개동,3908,1629,6458
20171000,제주시,봉개동,3949,1380,6045
20171100,제주시,봉개동,3954,1353,5939
20171200,제주시,봉개동,4006,1172,4971
20180100,제주시,봉개동,4104,702,4786
20180200,제주시,봉개동,4091,527,4089
20180300,제주시,봉개동,3764,576,6007
20180400,제주시,봉개동,3836,1739,6374
20180500,제주시,봉개동,3836,1596,6205
20180600,제주시,봉개동,3762,1475,5464
20180700,제주시,봉개동,3759,1325,5434
20180800,제주시,봉개동,3851,1110,5717
20180900,제주시,봉개동,3783,1138,5563
20181000,제주시,봉개동,3843,1492,5800
20181100,제주시,봉개동,3781,1438,5446
20181200,제주시,봉개동,3963,1197,5046
20190100,제주시,봉개동,4577,831,4906
20190200,제주시,봉개동,4755,507,4752
20190300,제주시,봉개동,4563,561,6208
20190400,제주시,봉개동,4550,1858,6085
20190500,제주시,봉개동,4525,1792,6114
20190600,제주시,봉개동,4468,1444,5535
20190700,제주시,봉개동,4513,1101,5797
20190800,제주시,봉개동,4757,920,6844
20190900,제주시,봉개동,4850,1100,5521
20191000,제주시,봉개동,4846,1366,6359
20191100,제주시,봉개동,4854,1271,5960
20191200,제주시,봉개동,4980,1132,5703
20170100,제주시,아라동,34363,4593,14944
20170200,제주시,아라동,35036,4441,16228
20170300,제주시,아라동,35673,5232,25979
20170400,제주시,아라동,40223,10846,16652
20170500,제주시,아라동,39970,9677,17070
20170600,제주시,아라동,39185,9840,16757
20170700,제주시,아라동,36599,7689,16422
20170800,제주시,아라동,37286,6682,17994
20170900,제주시,아라동,36736,8191,21469
20171000,제주시,아라동,38608,8126,17353
20171100,제주시,아라동,40778,9111,18470
20171200,제주시,아라동,40633,7821,15880
20180100,제주시,아라동,39876,5100,15395
20180200,제주시,아라동,39803,4210,15588
20180300,제주시,아라동,39763,4827,26771
20180400,제주시,아라동,45623,10607,17769
20180500,제주시,아라동,45758,10012,17364
20180600,제주시,아라동,45887,9277,16798
20180700,제주시,아라동,42637,7351,16709
20180800,제주시,아라동,43617,6598,18125
20180900,제주시,아라동,43298,6914,20164
20181000,제주시,아라동,47233,8651,17883
20181100,제주시,아라동,47220,9018,17437
20181200,제주시,아라동,46180,7358,15204
20190100,제주시,아라동,43906,4997,16016
20190200,제주시,아라동,43043,4105,16077
20190300,제주시,아라동,42827,4697,25964
20190400,제주시,아라동,47984,10073,17277
20190500,제주시,아라동,46835,9741,17091
20190600,제주시,아라동,46206,8785,16888
20190700,제주시,아라동,43690,7250,17149
20190800,제주시,아라동,43933,6280,18059
20190900,제주시,아라동,44068,7124,20051
20191000,제주시,아라동,46575,8616,17167
20191100,제주시,아라동,48139,9073,17698
20191200,제주시,아라동,47111,7709,16908
20170100,제주시,오라동,13862,1843,16373
20170200,제주시,오라동,14351,2111,17143
20170300,제주시,오라동,14453,2022,15863
20170400,제주시,오라동,14475,2045,16599
20170500,제주시,오라동,14936,2008,17053
20170600,제주시,오라동,15037,2107,16150
20170700,제주시,오라동,14951,1936,16174
20170800,제주시,오라동,14706,1977,15713
20170900,제주시,오라동,14233,1932,15228
20171000,제주시,오라동,14771,1677,15244
20171100,제주시,오라동,14911,1881,15535
20171200,제주시,오라동,15456,1926,15333
20180100,제주시,오라동,16427,1950,15856
20180200,제주시,오라동,16916,1940,15346
20180300,제주시,오라동,15456,1896,15666
20180400,제주시,오라동,15246,1953,15104
20180500,제주시,오라동,15231,1847,14619
20180600,제주시,오라동,15240,1862,14310
20180700,제주시,오라동,15321,1905,15661
20180800,제주시,오라동,16003,1878,15476
20180900,제주시,오라동,15531,1761,14086
20181000,제주시,오라동,15311,1725,14319
20181100,제주시,오라동,15127,1872,14809
20181200,제주시,오라동,16304,1810,15170
20190100,제주시,오라동,17105,1819,15959
20190200,제주시,오라동,17244,1790,16611
20190300,제주시,오라동,16092,1833,16369
20190400,제주시,오라동,15965,1837,15630
20190500,제주시,오라동,15780,1775,15735
20190600,제주시,오라동,15794,1746,14463
20190700,제주시,오라동,15738,1798,15316
20190800,제주시,오라동,15939,1855,15214
20190900,제주시,오라동,15907,1712,14547
20191000,제주시,오라동,15838,1717,15806
20191100,제주시,오라동,16260,1790,16785
20191200,제주시,오라동,16878,1864,16840
20170100,제주시,연동,53800,6471,28875
20170200,제주시,연동,54155,6504,29598
20170300,제주시,연동,51511,6563,28963
20170400,제주시,연동,51559,6781,28849
20170500,제주시,연동,51525,6654,28659
20170600,제주시,연동,51627,6817,28663
20170700,제주시,연동,51496,6779,29612
20170800,제주시,연동,52916,6694,30327
20170900,제주시,연동,52287,6608,30684
20171000,제주시,연동,52033,6414,29863
20171100,제주시,연동,53431,6875,29685
20171200,제주시,연동,54730,6949,28645
20180100,제주시,연동,56351,6625,30253
20180200,제주시,연동,56741,6099,28187
20180300,제주시,연동,53543,6035,30020
20180400,제주시,연동,53447,7116,29446
20180500,제주시,연동,53716,7096,28371
20180600,제주시,연동,54269,7026,27739
20180700,제주시,연동,54073,7217,28888
20180800,제주시,연동,54853,6974,28584
20180900,제주시,연동,53708,6593,27888
20181000,제주시,연동,54486,7390,28737
20181100,제주시,연동,54634,7753,28822
20181200,제주시,연동,55950,7402,28316
20190100,제주시,연동,55797,7035,29359
20190200,제주시,연동,55240,6481,28389
20190300,제주시,연동,52820,6471,29628
20190400,제주시,연동,52938,7563,28493
20190500,제주시,연동,52359,7521,27740
20190600,제주시,연동,52299,7350,27214
20190700,제주시,연동,52465,7155,28680
20190800,제주시,연동,53431,6628,28313
20190900,제주시,연동,52420,6472,26765
20191000,제주시,연동,52281,6926,28009
20191100,제주시,연동,52849,7322,29490
20191200,제주시,연동,54093,7272,29021
20170100,제주시,노형동,60303,6386,28251
20170200,제주시,노형동,61971,6454,26882
20170300,제주시,노형동,59923,6785,30088
20170400,제주시,노형동,60673,9191,26506
20170500,제주시,노형동,60740,8502,26935
20170600,제주시,노형동,60629,8718,26268
20170700,제주시,노형동,60284,8125,27273
20170800,제주시,노형동,62034,7458,27711
20170900,제주시,노형동,60609,7855,27847
20171000,제주시,노형동,61248,8093,28022
20171100,제주시,노형동,62411,8151,27695
20171200,제주시,노형동,63677,7773,26926
20180100,제주시,노형동,65065,6438,27365
20180200,제주시,노형동,64620,5704,25860
20180300,제주시,노형동,60956,5830,29783
20180400,제주시,노형동,61647,8764,27016
20180500,제주시,노형동,61474,8575,26907
20180600,제주시,노형동,62431,8447,25814
20180700,제주시,노형동,62364,7892,26947
20180800,제주시,노형동,64710,7316,28468
20180900,제주시,노형동,63750,7144,27922
20181000,제주시,노형동,64507,8174,26848
20181100,제주시,노형동,64055,8599,26696
20181200,제주시,노형동,65469,7857,25793
20190100,제주시,노형동,65672,6519,27015
20190200,제주시,노형동,65244,6017,27196
20190300,제주시,노형동,62740,6390,29988
20190400,제주시,노형동,63618,8979,27206
20190500,제주시,노형동,62808,9036,26798
20190600,제주시,노형동,62416,8299,26521
20190700,제주시,노형동,62350,7477,27362
20190800,제주시,노형동,63607,7124,27811
20190900,제주시,노형동,62380,7312,26748
20191000,제주시,노형동,62895,8154,27001
20191100,제주시,노형동,64421,8309,28180
20191200,제주시,노형동,65062,7920,27671
20170100,제주시,외도동,11295,883,5836
20170200,제주시,외도동,11736,870,6168
20170300,제주시,외도동,11240,873,5528
20170400,제주시,외도동,10652,633,5409
20170500,제주시,외도동,10348,616,5864
20170600,제주시,외도동,10450,630,5801
20170700,제주시,외도동,10850,685,6459
20170800,제주시,외도동,11359,585,6158
20170900,제주시,외도동,10803,686,5778
20171000,제주시,외도동,10897,587,6138
20171100,제주시,외도동,10862,678,5632
20171200,제주시,외도동,11134,698,5660
20180100,제주시,외도동,11449,688,6139
20180200,제주시,외도동,11076,634,5553
20180300,제주시,외도동,9681,639,5961
20180400,제주시,외도동,10114,668,6801
20180500,제주시,외도동,11135,722,6430
20180600,제주시,외도동,12072,696,6291
20180700,제주시,외도동,12208,721,6126
20180800,제주시,외도동,12385,727,6545
20180900,제주시,외도동,12340,677,6379
20181000,제주시,외도동,12760,768,6145
20181100,제주시,외도동,12637,758,5631
20181200,제주시,외도동,12360,680,5731
20190100,제주시,외도동,12135,725,6375
20190200,제주시,외도동,12693,724,6401
20190300,제주시,외도동,12129,713,5710
20190400,제주시,외도동,12090,667,5745
20190500,제주시,외도동,12110,639,5767
20190600,제주시,외도동,12613,634,6172
20190700,제주시,외도동,13201,729,6124
20190800,제주시,외도동,13436,750,5975
20190900,제주시,외도동,13038,710,5692
20191000,제주시,외도동,13090,716,5695
20191100,제주시,외도동,13117,682,5559
20191200,제주시,외도동,13094,680,5920
20170100,제주시,이호동,3439,322,3908
20170200,제주시,이호동,3437,353,3956
20170300,제주시,이호동,3296,338,3858
20170400,제주시,이호동,3267,373,4238
20170500,제주시,이호동,3279,339,4543
20170600,제주시,이호동,3320,362,4453
20170700,제주시,이호동,3359,418,4573
20170800,제주시,이호동,3404,455,4630
20170900,제주시,이호동,3194,397,4195
20171000,제주시,이호동,3332,335,4287
20171100,제주시,이호동,3400,349,3896
20171200,제주시,이호동,3533,372,3674
20180100,제주시,이호동,3808,345,4003
20180200,제주시,이호동,4017,353,3704
20180300,제주시,이호동,3747,387,3824
20180400,제주시,이호동,3734,371,4174
20180500,제주시,이호동,3750,384,4176
20180600,제주시,이호동,3805,370,4118
20180700,제주시,이호동,3816,404,4557
20180800,제주시,이호동,3898,424,4481
20180900,제주시,이호동,3748,384,3737
20181000,제주시,이호동,3760,357,3920
20181100,제주시,이호동,3707,358,3792
20181200,제주시,이호동,3951,374,3505
20190100,제주시,이호동,4000,375,3790
20190200,제주시,이호동,3975,381,3803
20190300,제주시,이호동,3801,373,3800
20190400,제주시,이호동,3745,387,4004
20190500,제주시,이호동,3679,365,4136
20190600,제주시,이호동,3664,407,4095
20190700,제주시,이호동,3818,437,4485
20190800,제주시,이호동,3895,414,4591
20190900,제주시,이호동,3820,353,3762
20191000,제주시,이호동,3730,389,4043
20191100,제주시,이호동,3869,376,3947
20191200,제주시,이호동,3948,375,3787
20170100,제주시,도두동,1668,282,4829
20170200,제주시,도두동,1654,255,4772
20170300,제주시,도두동,1537,273,4401
20170400,제주시,도두동,1494,317,5076
20170500,제주시,도두동,1504,291,5326
20170600,제주시,도두동,1520,300,5051
20170700,제주시,도두동,1461,285,4851
20170800,제주시,도두동,1389,268,4647
20170900,제주시,도두동,1269,260,4134
20171000,제주시,도두동,1349,248,4994
20171100,제주시,도두동,1447,276,4832
20171200,제주시,도두동,1513,269,4395
20180100,제주시,도두동,1530,265,4820
20180200,제주시,도두동,1528,258,4323
20180300,제주시,도두동,1372,248,4429
20180400,제주시,도두동,1446,281,5217
20180500,제주시,도두동,1469,332,5173
20180600,제주시,도두동,1501,311,4915
20180700,제주시,도두동,1462,321,4915
20180800,제주시,도두동,1466,313,5198
20180900,제주시,도두동,1452,277,4376
20181000,제주시,도두동,1422,281,4656
20181100,제주시,도두동,1384,296,4486
20181200,제주시,도두동,1423,262,4012
20190100,제주시,도두동,1486,247,4579
20190200,제주시,도두동,1450,247,4847
20190300,제주시,도두동,1347,235,4614
20190400,제주시,도두동,1293,269,5166
20190500,제주시,도두동,1331,255,5424
20190600,제주시,도두동,1321,239,5186
20190700,제주시,도두동,1325,274,5096
20190800,제주시,도두동,1422,256,4960
20190900,제주시,도두동,1342,214,4323
20191000,제주시,도두동,1323,245,5232
20191100,제주시,도두동,1367,236,5041
20191200,제주시,도두동,1442,244,4671
20170100,서귀포시,대정읍,19000,937,7591
20170200,서귀포시,대정읍,19269,886,6651
20170300,서귀포시,대정읍,18773,931,6962
20170400,서귀포시,대정읍,18747,1220,7816
20170500,서귀포시,대정읍,19091,1206,8355
20170600,서귀포시,대정읍,18896,1241,6976
20170700,서귀포시,대정읍,18287,1116,6999
20170800,서귀포시,대정읍,18656,1185,7940
20170900,서귀포시,대정읍,18988,1208,7996
20171000,서귀포시,대정읍,18807,1155,8910
20171100,서귀포시,대정읍,19645,1191,7790
20171200,서귀포시,대정읍,20004,1208,7169
20180100,서귀포시,대정읍,20402,1126,7749
20180200,서귀포시,대정읍,20409,951,7409
20180300,서귀포시,대정읍,19388,1023,7697
20180400,서귀포시,대정읍,19753,1369,8363
20180500,서귀포시,대정읍,19946,1380,8250
20180600,서귀포시,대정읍,19740,1357,7443
20180700,서귀포시,대정읍,19074,1285,6911
20180800,서귀포시,대정읍,19580,1264,8506
20180900,서귀포시,대정읍,19987,1305,8532
20181000,서귀포시,대정읍,20172,1267,8018
20181100,서귀포시,대정읍,20012,1381,7889
20181200,서귀포시,대정읍,20029,1335,7087
20190100,서귀포시,대정읍,20306,1273,8231
20190200,서귀포시,대정읍,20271,1097,8247
20190300,서귀포시,대정읍,20005,1148,8297
20190400,서귀포시,대정읍,19967,1488,8439
20190500,서귀포시,대정읍,20264,1621,9194
20190600,서귀포시,대정읍,19967,1624,7680
20190700,서귀포시,대정읍,19438,1609,7284
20190800,서귀포시,대정읍,20138,1527,8942
20190900,서귀포시,대정읍,20786,1456,7978
20191000,서귀포시,대정읍,20819,1450,8138
20191100,서귀포시,대정읍,21119,1680,8465
20191200,서귀포시,대정읍,20974,1495,7480
20170100,서귀포시,남원읍,15016,1195,9454
20170200,서귀포시,남원읍,14967,1066,7631
20170300,서귀포시,남원읍,14010,1095,7911
20170400,서귀포시,남원읍,13987,1246,9124
20170500,서귀포시,남원읍,14027,1138,9895
20170600,서귀포시,남원읍,14075,1135,8513
20170700,서귀포시,남원읍,14089,1248,9819
20170800,서귀포시,남원읍,14470,1121,9666
20170900,서귀포시,남원읍,13812,1151,9106
20171000,서귀포시,남원읍,13782,1129,10877
20171100,서귀포시,남원읍,14172,1193,10026
20171200,서귀포시,남원읍,14795,1402,9489
20180100,서귀포시,남원읍,15499,1241,9955
20180200,서귀포시,남원읍,15489,1174,8223
20180300,서귀포시,남원읍,14264,1089,8279
20180400,서귀포시,남원읍,14175,1330,9481
20180500,서귀포시,남원읍,14098,1236,9556
20180600,서귀포시,남원읍,14330,1290,8923
20180700,서귀포시,남원읍,14667,1355,9098
20180800,서귀포시,남원읍,14995,1272,9350
20180900,서귀포시,남원읍,14607,1106,9070
20181000,서귀포시,남원읍,14563,1163,9444
20181100,서귀포시,남원읍,14995,1341,9633
20181200,서귀포시,남원읍,15690,1357,8907
20190100,서귀포시,남원읍,16093,1302,10298
20190200,서귀포시,남원읍,15908,1237,9514
20190300,서귀포시,남원읍,15085,1243,8456
20190400,서귀포시,남원읍,15231,1406,9644
20190500,서귀포시,남원읍,15096,1427,9609
20190600,서귀포시,남원읍,15315,1294,9088
20190700,서귀포시,남원읍,15614,1360,9803
20190800,서귀포시,남원읍,15734,1229,10454
20190900,서귀포시,남원읍,15465,1189,8345
20191000,서귀포시,남원읍,15234,1212,9607
20191100,서귀포시,남원읍,15734,1493,9550
20191200,서귀포시,남원읍,16226,1489,10162
20170100,서귀포시,성산읍,14119,1125,12261
20170200,서귀포시,성산읍,14480,1122,11284
20170300,서귀포시,성산읍,13951,1074,11054
20170400,서귀포시,성산읍,14038,1128,13234
20170500,서귀포시,성산읍,13993,1141,13648
20170600,서귀포시,성산읍,13786,1076,12034
20170700,서귀포시,성산읍,13948,1106,13149
20170800,서귀포시,성산읍,14264,1227,13886
20170900,서귀포시,성산읍,14050,1228,12178
20171000,서귀포시,성산읍,13897,1077,13232
20171100,서귀포시,성산읍,14145,1088,9968
20171200,서귀포시,성산읍,14318,1150,10063
20180100,서귀포시,성산읍,14911,1028,11536
20180200,서귀포시,성산읍,15125,950,10280
20180300,서귀포시,성산읍,14442,963,10417
20180400,서귀포시,성산읍,14763,1086,12560
20180500,서귀포시,성산읍,14697,1145,12549
20180600,서귀포시,성산읍,14718,1207,11478
20180700,서귀포시,성산읍,14932,1232,12486
20180800,서귀포시,성산읍,15727,1146,13511
20180900,서귀포시,성산읍,15299,1118,11855
20181000,서귀포시,성산읍,15178,1262,11604
20181100,서귀포시,성산읍,15051,1250,9773
20181200,서귀포시,성산읍,15299,1305,9904
20190100,서귀포시,성산읍,15430,1289,11745
20190200,서귀포시,성산읍,15311,1086,12369
20190300,서귀포시,성산읍,15033,1255,11021
20190400,서귀포시,성산읍,15377,1289,11943
20190500,서귀포시,성산읍,15240,1278,12586
20190600,서귀포시,성산읍,15248,1281,11437
20190700,서귀포시,성산읍,15341,1315,12595
20190800,서귀포시,성산읍,15711,1336,14393
20190900,서귀포시,성산읍,15558,1241,10935
20191000,서귀포시,성산읍,15417,1321,12404
20191100,서귀포시,성산읍,15456,1313,10702
20191200,서귀포시,성산읍,15466,1412,11116
20170100,서귀포시,안덕면,12073,2234,11197
20170200,서귀포시,안덕면,13176,2047,10504
20170300,서귀포시,안덕면,12636,2179,10513
20170400,서귀포시,안덕면,13019,2259,12552
20170500,서귀포시,안덕면,13080,2443,13218
20170600,서귀포시,안덕면,12360,2230,11548
20170700,서귀포시,안덕면,11269,2252,12044
20170800,서귀포시,안덕면,11497,2286,15117
20170900,서귀포시,안덕면,13818,3168,12185
20171000,서귀포시,안덕면,13267,2600,14308
20171100,서귀포시,안덕면,14853,2728,11767
20171200,서귀포시,안덕면,14864,2261,11043
20180100,서귀포시,안덕면,15775,2735,12313
20180200,서귀포시,안덕면,16633,2484,11091
20180300,서귀포시,안덕면,16251,2373,11443
20180400,서귀포시,안덕면,17222,2881,12766
20180500,서귀포시,안덕면,17421,2829,12775
20180600,서귀포시,안덕면,15628,2580,11686
20180700,서귀포시,안덕면,13431,2213,11889
20180800,서귀포시,안덕면,14267,2389,15952
20180900,서귀포시,안덕면,16341,2947,11318
20181000,서귀포시,안덕면,17286,2670,11639
20181100,서귀포시,안덕면,17737,2765,10610
20181200,서귀포시,안덕면,16554,2312,10536
20190100,서귀포시,안덕면,16731,2987,12460
20190200,서귀포시,안덕면,17445,2418,12209
20190300,서귀포시,안덕면,17865,2627,11345
20190400,서귀포시,안덕면,17723,2419,12380
20190500,서귀포시,안덕면,18342,2913,13265
20190600,서귀포시,안덕면,16646,2363,12334
20190700,서귀포시,안덕면,14648,2022,13374
20190800,서귀포시,안덕면,15403,2154,17903
20190900,서귀포시,안덕면,17659,2451,11898
20191000,서귀포시,안덕면,18095,2549,13197
20191100,서귀포시,안덕면,19171,2841,12536
20191200,서귀포시,안덕면,18056,2438,12165
20170100,서귀포시,표선면,10551,1016,7985
20170200,서귀포시,표선면,10377,953,7377
20170300,서귀포시,표선면,10121,1056,7684
20170400,서귀포시,표선면,10222,1340,9694
20170500,서귀포시,표선면,10086,1305,9115
20170600,서귀포시,표선면,10038,1313,8420
20170700,서귀포시,표선면,10027,1229,8830
20170800,서귀포시,표선면,10293,1144,9179
20170900,서귀포시,표선면,10114,1106,7946
20171000,서귀포시,표선면,9952,1116,9505
20171100,서귀포시,표선면,10191,1197,7901
20171200,서귀포시,표선면,10279,1174,7186
20180100,서귀포시,표선면,10623,967,7495
20180200,서귀포시,표선면,10551,889,6833
20180300,서귀포시,표선면,10399,892,7541
20180400,서귀포시,표선면,10706,1352,9345
20180500,서귀포시,표선면,10662,1400,8910
20180600,서귀포시,표선면,10777,1328,8374
20180700,서귀포시,표선면,10732,1293,8634
20180800,서귀포시,표선면,10890,1246,9158
20180900,서귀포시,표선면,10478,1137,8234
20181000,서귀포시,표선면,10640,1164,8197
20181100,서귀포시,표선면,10693,1190,7482
20181200,서귀포시,표선면,10864,1180,6931
20190100,서귀포시,표선면,10804,1098,7362
20190200,서귀포시,표선면,10725,975,7550
20190300,서귀포시,표선면,10550,1001,7692
20190400,서귀포시,표선면,10850,1294,9134
20190500,서귀포시,표선면,11060,1381,8524
20190600,서귀포시,표선면,11136,1314,8179
20190700,서귀포시,표선면,11313,1254,8523
20190800,서귀포시,표선면,11583,1182,9107
20190900,서귀포시,표선면,11483,1099,7287
20191000,서귀포시,표선면,11344,1230,8278
20191100,서귀포시,표선면,11680,1287,7879
20191200,서귀포시,표선면,11989,1259,7365
20170100,서귀포시,송산동,2087,146,2138
20170200,서귀포시,송산동,2101,164,2059
20170300,서귀포시,송산동,2113,121,1775
20170400,서귀포시,송산동,2044,123,2100
20170500,서귀포시,송산동,2034,129,2209
20170600,서귀포시,송산동,2051,111,1979
20170700,서귀포시,송산동,2036,129,2148
20170800,서귀포시,송산동,2128,114,2555
20170900,서귀포시,송산동,2172,124,2930
20171000,서귀포시,송산동,2384,152,2576
20171100,서귀포시,송산동,2168,109,1978
20171200,서귀포시,송산동,2138,123,1983
20180100,서귀포시,송산동,2239,122,2479
20180200,서귀포시,송산동,2299,138,2173
20180300,서귀포시,송산동,2055,142,1852
20180400,서귀포시,송산동,2148,135,2171
20180500,서귀포시,송산동,2201,141,2181
20180600,서귀포시,송산동,2180,155,2133
20180700,서귀포시,송산동,2211,168,2187
20180800,서귀포시,송산동,2269,189,2507
20180900,서귀포시,송산동,2243,143,2103
20181000,서귀포시,송산동,2116,161,2040
20181100,서귀포시,송산동,2095,155,1905
20181200,서귀포시,송산동,2114,152,2181
20190100,서귀포시,송산동,2225,193,2338
20190200,서귀포시,송산동,2309,163,2082
20190300,서귀포시,송산동,2201,157,1889
20190400,서귀포시,송산동,2125,176,1776
20190500,서귀포시,송산동,2050,150,2008
20190600,서귀포시,송산동,2049,150,2064
20190700,서귀포시,송산동,2073,156,2071
20190800,서귀포시,송산동,2090,192,2199
20190900,서귀포시,송산동,2037,156,1753
20191000,서귀포시,송산동,1899,154,1888
20191100,서귀포시,송산동,1918,164,1873
20191200,서귀포시,송산동,1922,113,1896
20170100,서귀포시,서귀동,2066,485,5044
20170200,서귀포시,서귀동,2066,465,4702
20170300,서귀포시,서귀동,1886,453,4313
20170400,서귀포시,서귀동,1801,481,4488
20170500,서귀포시,서귀동,1806,428,4684
20170600,서귀포시,서귀동,1787,469,4443
20170700,서귀포시,서귀동,1769,440,4641
20170800,서귀포시,서귀동,1559,439,4611
20170900,서귀포시,서귀동,1644,498,4488
20171000,서귀포시,서귀동,1746,450,4461
20171100,서귀포시,서귀동,1814,465,4142
20171200,서귀포시,서귀동,1878,460,4205
20180100,서귀포시,서귀동,1947,449,4959
20180200,서귀포시,서귀동,2026,411,4304
20180300,서귀포시,서귀동,1848,403,4088
20180400,서귀포시,서귀동,1841,467,4305
20180500,서귀포시,서귀동,1883,471,4475
20180600,서귀포시,서귀동,1881,466,4217
20180700,서귀포시,서귀동,1894,469,4398
20180800,서귀포시,서귀동,1858,481,4559
20180900,서귀포시,서귀동,1807,462,4231
20181000,서귀포시,서귀동,1788,487,4581
20181100,서귀포시,서귀동,1880,485,4137
20181200,서귀포시,서귀동,1856,486,4481
20190100,서귀포시,서귀동,2036,471,5036
20190200,서귀포시,서귀동,2075,436,4533
20190300,서귀포시,서귀동,1958,445,4275
20190400,서귀포시,서귀동,1955,530,4171
20190500,서귀포시,서귀동,1905,483,4348
20190600,서귀포시,서귀동,1844,469,3977
20190700,서귀포시,서귀동,1855,443,4347
20190800,서귀포시,서귀동,1841,450,4464
20190900,서귀포시,서귀동,1860,448,3993
20191000,서귀포시,서귀동,1847,435,4357
20191100,서귀포시,서귀동,1849,452,4182
20191200,서귀포시,서귀동,1901,430,4229
20170100,서귀포시,효돈동,4546,287,2500
20170200,서귀포시,효돈동,4466,276,1998
20170300,서귀포시,효돈동,4297,259,1830
20170400,서귀포시,효돈동,4272,280,1905
20170500,서귀포시,효돈동,4274,265,2129
20170600,서귀포시,효돈동,4359,249,2085
20170700,서귀포시,효돈동,4450,303,2236
20170800,서귀포시,효돈동,4492,259,2095
20170900,서귀포시,효돈동,4383,234,1872
20171000,서귀포시,효돈동,4442,218,2325
20171100,서귀포시,효돈동,4466,258,2155
20171200,서귀포시,효돈동,4723,293,2121
20180100,서귀포시,효돈동,4803,323,2157
20180200,서귀포시,효돈동,4850,281,2085
20180300,서귀포시,효돈동,4308,253,1843
20180400,서귀포시,효돈동,4323,261,1879
20180500,서귀포시,효돈동,4369,259,1949
20180600,서귀포시,효돈동,4374,241,1882
20180700,서귀포시,효돈동,4389,265,2052
20180800,서귀포시,효돈동,4495,231,2013
20180900,서귀포시,효돈동,4392,211,2016
20181000,서귀포시,효돈동,4306,205,1924
20181100,서귀포시,효돈동,4333,286,2002
20181200,서귀포시,효돈동,4598,298,2101
20190100,서귀포시,효돈동,4595,325,2187
20190200,서귀포시,효돈동,4475,281,2178
20190300,서귀포시,효돈동,4116,273,1835
20190400,서귀포시,효돈동,4099,283,1809
20190500,서귀포시,효돈동,4086,299,1923
20190600,서귀포시,효돈동,4279,287,1892
20190700,서귀포시,효돈동,4366,263,2066
20190800,서귀포시,효돈동,4428,216,2175
20190900,서귀포시,효돈동,4411,259,2007
20191000,서귀포시,효돈동,4333,289,2051
20191100,서귀포시,효돈동,4423,348,2152
20191200,서귀포시,효돈동,4709,371,2432
20170100,서귀포시,영천동,4017,814,5236
20170200,서귀포시,영천동,4041,727,5038
20170300,서귀포시,영천동,4013,797,5699
20170400,서귀포시,영천동,4142,1422,5317
20170500,서귀포시,영천동,4074,1219,5858
20170600,서귀포시,영천동,3979,1359,5061
20170700,서귀포시,영천동,3909,1236,5025
20170800,서귀포시,영천동,4166,1155,5800
20170900,서귀포시,영천동,4104,1397,5784
20171000,서귀포시,영천동,4199,1188,5701
20171100,서귀포시,영천동,4196,1247,5343
20171200,서귀포시,영천동,4395,1138,4997
20180100,서귀포시,영천동,4593,872,5033
20180200,서귀포시,영천동,4590,714,4817
20180300,서귀포시,영천동,4199,676,5413
20180400,서귀포시,영천동,4384,1371,4905
20180500,서귀포시,영천동,4465,1255,4923
20180600,서귀포시,영천동,4561,1238,4813
20180700,서귀포시,영천동,4204,1023,4392
20180800,서귀포시,영천동,4145,921,4643
20180900,서귀포시,영천동,4033,948,4234
20181000,서귀포시,영천동,4131,1011,4340
20181100,서귀포시,영천동,4197,1033,4047
20181200,서귀포시,영천동,4356,972,4841
20190100,서귀포시,영천동,4611,884,5180
20190200,서귀포시,영천동,4556,707,4730
20190300,서귀포시,영천동,4289,659,5448
20190400,서귀포시,영천동,4423,1349,5303
20190500,서귀포시,영천동,4452,1288,5101
20190600,서귀포시,영천동,4488,1305,4529
20190700,서귀포시,영천동,4549,1136,4676
20190800,서귀포시,영천동,4608,1098,5170
20190900,서귀포시,영천동,4508,1045,4493
20191000,서귀포시,영천동,4423,1144,4979
20191100,서귀포시,영천동,4529,1201,4781
20191200,서귀포시,영천동,4478,1143,4845
20170100,서귀포시,동홍동,20350,1694,9318
20170200,서귀포시,동홍동,20630,1529,8790
20170300,서귀포시,동홍동,19069,1471,8711
20170400,서귀포시,동홍동,18762,2184,8654
20170500,서귀포시,동홍동,18679,2022,8909
20170600,서귀포시,동홍동,18790,2150,8646
20170700,서귀포시,동홍동,18771,2145,9762
20170800,서귀포시,동홍동,19049,1867,9589
20170900,서귀포시,동홍동,17482,1884,8252
20171000,서귀포시,동홍동,17181,1923,9742
20171100,서귀포시,동홍동,18865,1959,8780
20171200,서귀포시,동홍동,19643,2139,9262
20180100,서귀포시,동홍동,20770,1852,9431
20180200,서귀포시,동홍동,20831,1464,9268
20180300,서귀포시,동홍동,19504,1554,9035
20180400,서귀포시,동홍동,19475,2250,8376
20180500,서귀포시,동홍동,19413,2172,8582
20180600,서귀포시,동홍동,19781,2245,8433
20180700,서귀포시,동홍동,20186,2331,10415
20180800,서귀포시,동홍동,21590,2079,9836
20180900,서귀포시,동홍동,21341,1938,9177
20181000,서귀포시,동홍동,21195,2180,8647
20181100,서귀포시,동홍동,21182,2218,9021
20181200,서귀포시,동홍동,21645,2069,9135
20190100,서귀포시,동홍동,21817,1799,10078
20190200,서귀포시,동홍동,21711,1646,9909
20190300,서귀포시,동홍동,20849,1512,9787
20190400,서귀포시,동홍동,20842,2311,9041
20190500,서귀포시,동홍동,20694,2416,9151
20190600,서귀포시,동홍동,20966,2399,8695
20190700,서귀포시,동홍동,21411,2162,9587
20190800,서귀포시,동홍동,21705,2051,9506
20190900,서귀포시,동홍동,21561,1957,8858
20191000,서귀포시,동홍동,21447,2161,9069
20191100,서귀포시,동홍동,22125,2343,8917
20191200,서귀포시,동홍동,22385,2227,9302
20170100,서귀포시,서홍동,5501,406,3975
20170200,서귀포시,서홍동,5510,365,4108
20170300,서귀포시,서홍동,5263,393,4924
20170400,서귀포시,서홍동,6062,533,4149
20170500,서귀포시,서홍동,6234,503,4091
20170600,서귀포시,서홍동,6274,525,4157
20170700,서귀포시,서홍동,6405,552,4605
20170800,서귀포시,서홍동,6774,531,5042
20170900,서귀포시,서홍동,6584,541,4595
20171000,서귀포시,서홍동,6576,526,4705
20171100,서귀포시,서홍동,6426,533,4404
20171200,서귀포시,서홍동,6231,534,3809
20180100,서귀포시,서홍동,6434,416,4343
20180200,서귀포시,서홍동,6505,350,4225
20180300,서귀포시,서홍동,5816,372,4184
20180400,서귀포시,서홍동,5710,497,3889
20180500,서귀포시,서홍동,5847,505,3953
20180600,서귀포시,서홍동,5954,484,3754
20180700,서귀포시,서홍동,5909,495,3927
20180800,서귀포시,서홍동,5968,425,3980
20180900,서귀포시,서홍동,5883,419,4221
20181000,서귀포시,서홍동,6001,487,3785
20181100,서귀포시,서홍동,6069,537,3816
20181200,서귀포시,서홍동,6128,519,3996
20190100,서귀포시,서홍동,6262,418,4659
20190200,서귀포시,서홍동,6224,406,4468
20190300,서귀포시,서홍동,6027,388,4331
20190400,서귀포시,서홍동,5922,495,4200
20190500,서귀포시,서홍동,5910,539,4217
20190600,서귀포시,서홍동,6237,537,4211
20190700,서귀포시,서홍동,6369,503,4334
20190800,서귀포시,서홍동,6618,420,4388
20190900,서귀포시,서홍동,6433,394,4289
20191000,서귀포시,서홍동,6377,517,4437
20191100,서귀포시,서홍동,6550,512,4483
20191200,서귀포시,서홍동,6678,605,4697
20170100,서귀포시,대륜동,11181,1261,8837
20170200,서귀포시,대륜동,11264,1198,9054
20170300,서귀포시,대륜동,10853,1408,9444
20170400,서귀포시,대륜동,11451,1737,10107
20170500,서귀포시,대륜동,11786,1734,10011
20170600,서귀포시,대륜동,11652,1904,9870
20170700,서귀포시,대륜동,12229,1682,11037
20170800,서귀포시,대륜동,12724,1572,11220
20170900,서귀포시,대륜동,12314,1779,10828
20171000,서귀포시,대륜동,12913,1634,10997
20171100,서귀포시,대륜동,13286,1678,10274
20171200,서귀포시,대륜동,13890,1704,9987
20180100,서귀포시,대륜동,14828,1453,11828
20180200,서귀포시,대륜동,15176,1434,10855
20180300,서귀포시,대륜동,15308,1433,10250
20180400,서귀포시,대륜동,15796,1645,10605
20180500,서귀포시,대륜동,15613,1809,10987
20180600,서귀포시,대륜동,15644,1616,9823
20180700,서귀포시,대륜동,15633,1608,11325
20180800,서귀포시,대륜동,15916,1614,12030
20180900,서귀포시,대륜동,15350,1527,10243
20181000,서귀포시,대륜동,15783,1635,11030
20181100,서귀포시,대륜동,15781,1658,10240
20181200,서귀포시,대륜동,16622,1532,9686
20190100,서귀포시,대륜동,16479,1364,11542
20190200,서귀포시,대륜동,16529,1294,10926
20190300,서귀포시,대륜동,16072,1374,10723
20190400,서귀포시,대륜동,16424,1839,10619
20190500,서귀포시,대륜동,16236,1971,11199
20190600,서귀포시,대륜동,16009,1898,9948
20190700,서귀포시,대륜동,15858,1983,11246
20190800,서귀포시,대륜동,16378,1898,11887
20190900,서귀포시,대륜동,15913,1865,9455
20191000,서귀포시,대륜동,15905,1961,11038
20191100,서귀포시,대륜동,16194,1834,10179
20191200,서귀포시,대륜동,16310,1820,10185
20170100,서귀포시,대천동,7702,798,7790
20170200,서귀포시,대천동,8184,827,7374
20170300,서귀포시,대천동,8099,685,6794
20170400,서귀포시,대천동,8185,817,8047
20170500,서귀포시,대천동,8569,812,7994
20170600,서귀포시,대천동,8654,781,7342
20170700,서귀포시,대천동,8428,776,8200
20170800,서귀포시,대천동,8610,745,8463
20170900,서귀포시,대천동,7851,702,7422
20171000,서귀포시,대천동,7521,703,8198
20171100,서귀포시,대천동,7773,784,7382
20171200,서귀포시,대천동,7970,792,6902
20180100,서귀포시,대천동,7990,655,7571
20180200,서귀포시,대천동,7526,534,6409
20180300,서귀포시,대천동,6760,525,6645
20180400,서귀포시,대천동,6824,779,7043
20180500,서귀포시,대천동,6991,708,7319
20180600,서귀포시,대천동,7216,690,6982
20180700,서귀포시,대천동,7357,716,7251
20180800,서귀포시,대천동,7355,691,7899
20180900,서귀포시,대천동,7184,590,7151
20181000,서귀포시,대천동,7198,725,7683
20181100,서귀포시,대천동,7097,781,6952
20181200,서귀포시,대천동,7394,805,6523
20190100,서귀포시,대천동,7476,756,7231
20190200,서귀포시,대천동,7284,621,7060
20190300,서귀포시,대천동,7029,643,6857
20190400,서귀포시,대천동,7207,769,7319
20190500,서귀포시,대천동,7334,856,7534
20190600,서귀포시,대천동,7781,773,7219
20190700,서귀포시,대천동,7984,832,7711
20190800,서귀포시,대천동,8091,754,7665
20190900,서귀포시,대천동,7790,717,6935
20191000,서귀포시,대천동,7701,904,7336
20191100,서귀포시,대천동,8101,876,7126
20191200,서귀포시,대천동,8298,881,7235
20170100,서귀포시,중문동,8278,835,7142
20170200,서귀포시,중문동,8496,762,6752
20170300,서귀포시,중문동,8269,787,6695
20170400,서귀포시,중문동,8232,1058,7199
20170500,서귀포시,중문동,8307,987,7783
20170600,서귀포시,중문동,8292,985,7376
20170700,서귀포시,중문동,8488,940,7536
20170800,서귀포시,중문동,8760,799,7902
20170900,서귀포시,중문동,8416,871,7439
20171000,서귀포시,중문동,8380,951,7866
20171100,서귀포시,중문동,8507,899,6276
20171200,서귀포시,중문동,8648,848,5990
20180100,서귀포시,중문동,8783,766,6387
20180200,서귀포시,중문동,8760,677,5628
20180300,서귀포시,중문동,8417,661,6037
20180400,서귀포시,중문동,8547,928,6592
20180500,서귀포시,중문동,8617,987,6735
20180600,서귀포시,중문동,8705,1004,6541
20180700,서귀포시,중문동,8828,998,6970
20180800,서귀포시,중문동,9541,896,7512
20180900,서귀포시,중문동,9622,754,6469
20181000,서귀포시,중문동,9637,963,6746
20181100,서귀포시,중문동,9900,1019,6533
20181200,서귀포시,중문동,10113,968,5966
20190100,서귀포시,중문동,10029,805,6791
20190200,서귀포시,중문동,10151,670,6555
20190300,서귀포시,중문동,10074,718,6578
20190400,서귀포시,중문동,10347,954,6808
20190500,서귀포시,중문동,10660,813,7138
20190600,서귀포시,중문동,10888,860,6508
20190700,서귀포시,중문동,11199,780,6779
20190800,서귀포시,중문동,11442,736,7498
20190900,서귀포시,중문동,11209,728,6050
20191000,서귀포시,중문동,11138,823,7134
20191100,서귀포시,중문동,11542,887,6860
20191200,서귀포시,중문동,11958,933,6775
20170100,서귀포시,예래동,3400,1223,9453
20170200,서귀포시,예래동,3394,1261,9197
20170300,서귀포시,예래동,3249,1245,8480
20170400,서귀포시,예래동,3380,1302,10211
20170500,서귀포시,예래동,3348,1265,10976
20170600,서귀포시,예래동,3266,1266,10242
20170700,서귀포시,예래동,3306,1302,11540
20170800,서귀포시,예래동,3778,1335,11886
20170900,서귀포시,예래동,3335,1219,9163
20171000,서귀포시,예래동,3279,1065,10167
20171100,서귀포시,예래동,3288,1201,9261
20171200,서귀포시,예래동,3427,1178,9052
20180100,서귀포시,예래동,3480,1142,9995
20180200,서귀포시,예래동,3497,1086,9004
20180300,서귀포시,예래동,3319,1075,8563
20180400,서귀포시,예래동,3397,1171,10514
20180500,서귀포시,예래동,3471,1236,10866
20180600,서귀포시,예래동,3568,1232,10327
20180700,서귀포시,예래동,3648,1206,10821
20180800,서귀포시,예래동,3988,1254,10934
20180900,서귀포시,예래동,3691,1065,9060
20181000,서귀포시,예래동,3722,1043,8848
20181100,서귀포시,예래동,3644,1094,8220
20181200,서귀포시,예래동,3701,1088,8649
20190100,서귀포시,예래동,3816,1051,9485
20190200,서귀포시,예래동,3773,1023,9874
20190300,서귀포시,예래동,3695,1013,8027
20190400,서귀포시,예래동,3526,1020,8577
20190500,서귀포시,예래동,3434,1108,9176
20190600,서귀포시,예래동,3501,1053,8616
20190700,서귀포시,예래동,3590,969,9439
20190800,서귀포시,예래동,3838,1078,9990
20190900,서귀포시,예래동,3629,969,7551
20191000,서귀포시,예래동,3661,941,8519
20191100,서귀포시,예래동,3595,962,7891
20191200,서귀포시,예래동,3639,916,8302
0,0,0,0,0,0
0,0,0,0,0,0
0,0,0,0,0,0
0,0,0,0,0,0
0,0,0,0,0,0
0,0,0,0,0,0
0,0,0,0,0,0
0,0,0,0,0,0
0,0,0,0,0,0
0,0,0,0,0,0
0,0,0,0,0,0
0,0,0,0,0,0
0,0,0,0,0,0
0,0,0,0,0,0
0,0,0,0,0,0
0,0,0,0,0,0
0,0,0,0,0,0
0,0,0,0,0,0
0,0,0,0,0,0
0,0,0,0,0,0
0,0,0,0,0,0
0,0,0,0,0,0
0,0,0,0,0,0
0,0,0,0,0,0
0,0,0,0,0,0
0,0,0,0,0,0
0,0,0,0,0,0
0,0,0,0,0,0
0,0,0,0,0,0
0,0,0,0,0,0
0,0,0,0,0,0
0,0,0,0,0,0
0,0,0,0,0,0
0,0,0,0,0,0
0,0,0,0,0,0
0,0,0,0,0,0
0,0,0,0,0,0
0,0,0,0,0,0
0,0,0,0,0,0
0,0,0,0,0,0
0,0,0,0,0,0
0,0,0,0,0,0
0,0,0,0,0,0
0,0,0,0,0,0
0,0,0,0,0,0
0,0,0,0,0,0
0,0,0,0,0,0
0,0,0,0,0,0
0,0,0,0,0,0
0,0,0,0,0,0
0,0,0,0,0,0
0,0,0,0,0,0
0,0,0,0,0,0
0,0,0,0,0,0
0,0,0,0,0,0
0,0,0,0,0,0
0,0,0,0,0,0
0,0,0,0,0,0
0,0,0,0,0,0
0,0,0,0,0,0
0,0,0,0,0,0
0,0,0,0,0,0
0,0,0,0,0,0
0,0,0,0,0,0
0,0,0,0,0,0
0,0,0,0,0,0
0,0,0,0,0,0
0,0,0,0,0,0
0,0,0,0,0,0
0,0,0,0,0,0
0,0,0,0,0,0
0,0,0,0,0,0
0,0,0,0,0,0
0,0,0,0,0,0
0,0,0,0,0,0
0,0,0,0,0,0
0,0,0,0,0,0
0,0,0,0,0,0
0,0,0,0,0,0
0,0,0,0,0,0
0,0,0,0,0,0
0,0,0,0,0,0
0,0,0,0,0,0
0,0,0,0,0,0
0,0,0,0,0,0
0,0,0,0,0,0
0,0,0,0,0,0
0,0,0,0,0,0
0,0,0,0,0,0
0,0,0,0,0,0
0,0,0,0,0,0
0,0,0,0,0,0
0,0,0,0,0,0
0,0,0,0,0,0
0,0,0,0,0,0
0,0,0,0,0,0
0,0,0,0,0,0
0,0,0,0,0,0
0,0,0,0,0,0
0,0,0,0,0,0
0,0,0,0,0,0
0,0,0,0,0,0
0,0,0,0,0,0
0,0,0,0,0,0
0,0,0,0,0,0
0,0,0,0,0,0
0,0,0,0,0,0
0,0,0,0,0,0
0,0,0,0,0,0
0,0,0,0,0,0
0,0,0,0,0,0
0,0,0,0,0,0
0,0,0,0,0,0
0,0,0,0,0,0
0,0,0,0,0,0
0,0,0,0,0,0
0,0,0,0,0,0
0,0,0,0,0,0
0,0,0,0,0,0
0,0,0,0,0,0
0,0,0,0,0,0
0,0,0,0,0,0
0,0,0,0,0,0
0,0,0,0,0,0
